data;horario;n_da_ocorrencia;tipo_de_ocorrencia;km;trecho;sentido;tipo_de_acidente;automovel;bicicleta;caminhao;moto;onibus;outros;tracao_animal;transporte_de_cargas_especiais;trator_maquinas;utilitarios;ilesos;levemente_feridos;moderadamente_feridos;gravemente_feridos;mortos
08/08/2023;19:24:00;341;Com vítima;702,150;BR-365/MG;Decrescente;Colisão traseira;0;0;0;0;0;1;0;0;0;0;0;0;0;0;0
09/08/2023;15:20:00;236;Sem vítima;647,950;BR-365/MG;Decrescente;Choque;1;0;0;0;0;0;0;0;0;0;1;0;0;0;0
09/08/2023;20:55:00;330;Com vítima;851,000;BR-365/MG;Decrescente;Colisão lateral no mesmo sentido;1;0;0;0;0;0;0;0;0;0;1;0;0;0;0
10/08/2023;00:17:00;2;Com vítima;640,280;BR-365/MG;Decrescente;Atropelamento de animal;0;0;0;0;0;0;0;0;0;0;0;0;0;0;0
10/08/2023;06:12:00;37;Com vítima;806,150;BR-365/MG;Crescente;Colisão traseira;0;0;0;0;0;1;0;0;0;1;0;0;1;0;0
10/08/2023;08:16:00;86;Sem vítima;93,120;BR-364/MG;Crescente;Colisão traseira;0;0;0;0;0;1;0;0;0;0;1;0;0;0;0
10/08/2023;23:20:00;367;Com vítima;648,500;BR-365/MG;Crescente;Colisão frontal;0;0;0;0;0;1;0;0;0;0;0;0;0;0;0
11/08/2023;18:52:00;288;Sem vítima;737,200;BR-365/MG;Crescente;Choque;1;0;0;0;0;0;0;0;0;0;1;0;0;0;0
11/08/2023;20:26:00;326;Com vítima;187,900;BR-364/MG;Crescente;Atropelamento de animal;1;0;0;0;0;0;0;0;0;0;1;0;0;0;0
12/08/2023;06:28:00;41;Sem vítima;656,000;BR-365/MG;Decrescente;Choque;1;0;0;0;0;0;0;0;0;0;1;0;0;0;0
12/08/2023;11:38:00;200;Sem vítima;178,850;BR-364/MG;Decrescente;Choque;1;0;0;0;0;0;0;0;0;0;1;0;0;0;0
13/08/2023;01:01:00;6;Sem vítima;655,000;BR-365/MG;Decrescente;Choque;1;0;0;0;0;0;0;0;0;0;1;0;0;0;0
13/08/2023;16:20:00;195;Com vítima;721,400;BR-365/MG;Decrescente;Colisão traseira;0;0;0;0;0;0;0;0;0;0;0;0;0;0;0
15/08/2023;22:02:00;263;Com vítima;863,600;BR-365/MG;Crescente;Colisão transversal;1;0;0;0;0;0;0;0;0;0;0;0;0;2;0
16/08/2023;08:15:00;75;Sem vítima;159,300;BR-364/MG;Crescente;Colisão traseira;0;0;0;0;0;1;0;0;0;0;2;0;0;0;0
16/08/2023;11:01:00;147;Com vítima;681,890;BR-365/MG;Crescente;Tombamento;0;0;0;0;0;0;0;0;0;0;0;0;0;0;0
17/08/2023;21:37:00;322;Sem vítima;647,000;BR-365/MG;Crescente;Colisão lateral no mesmo sentido;0;0;0;0;0;0;0;0;0;1;1;0;0;0;0
18/08/2023;12:28:00;150;Com vítima;644,900;BR-365/MG;Crescente;Colisão transversal;0;0;1;0;0;0;0;0;0;0;1;0;0;0;0
18/08/2023;20:55:00;309;Com vítima;633,770;BR-365/MG;Decrescente;Capotamento;0;0;0;0;0;0;0;0;0;0;0;0;0;0;0
20/08/2023;06:08:00;21;Sem vítima;110,670;BR-364/MG;Decrescente;Capotamento;1;0;0;0;0;0;0;0;0;0;1;0;0;0;0
20/08/2023;11:28:00;129;Sem vítima;671,500;BR-365/MG;Decrescente;Choque;0;0;0;0;0;0;0;0;0;0;0;0;0;0;0
21/08/2023;05:54:00;35;Sem vítima;92,800;BR-364/MG;Crescente;Choque;0;0;0;0;0;0;0;0;0;0;0;0;0;0;0
23/08/2023;06:16:00;31;Com vítima;713,100;BR-365/MG;Decrescente;Colisão lateral em sentido contrário;0;0;0;0;0;0;0;0;0;0;0;0;0;0;0
23/08/2023;16:09:00;232;Sem vítima;109,500;BR-364/MG;Crescente;Colisão lateral no mesmo sentido;0;0;0;0;0;0;0;0;0;0;0;0;0;0;0
24/08/2023;00:25:00;3;Sem vítima;135,600;BR-364/MG;Crescente;Atropelamento de animal;0;0;0;0;0;0;0;0;0;0;0;0;0;0;0
24/08/2023;22:31:00;433;Com vítima;694,800;BR-365/MG;Crescente;Colisão traseira;0;0;0;0;0;1;0;0;0;0;0;1;0;0;0
25/08/2023;02:43:00;20;Sem vítima;754,000;BR-365/MG;Crescente;Choque;1;0;0;0;0;0;0;0;0;0;1;0;0;0;0
25/08/2023;07:24:00;60;Com vítima;175,500;BR-364/MG;Decrescente;Tombamento;0;0;0;0;0;1;0;0;0;0;0;0;1;0;0
26/08/2023;17:01:00;234;Sem vítima;685,130;BR-365/MG;Crescente;Choque;0;0;0;0;0;1;0;0;0;0;0;0;0;0;0
26/08/2023;20:07:00;259;Com vítima;15,510;BR-364/MG;Decrescente;Colisão frontal;0;0;0;0;0;0;0;0;0;1;0;0;0;0;1
27/08/2023;06:47:00;32;Com vítima;649,100;BR-365/MG;Crescente;Capotamento;1;0;0;0;0;0;0;0;0;0;1;0;1;0;0
27/08/2023;09:42:00;93;Sem vítima;631,600;BR-365/MG;Decrescente;Colisão lateral no mesmo sentido;1;0;0;0;0;1;0;0;0;0;2;0;0;0;0
28/08/2023;18:04:00;269;Com vítima;716,500;BR-365/MG;Decrescente;Choque;0;0;0;0;0;1;0;0;0;0;0;1;0;0;0
30/08/2023;15:15:00;222;Sem vítima;643,100;BR-365/MG;Decrescente;Choque;1;0;0;0;0;0;0;0;0;0;0;0;0;0;0
30/08/2023;16:58:00;260;Sem vítima;61,900;BR-364/MG;Decrescente;Tombamento;0;0;1;0;0;0;0;0;0;0;1;0;0;0;0
31/08/2023;14:30:00;222;Com vítima;70,960;BR-364/MG;Decrescente;Capotamento;1;0;0;0;0;0;0;0;0;0;1;0;0;0;0
31/08/2023;15:17:00;248;Com vítima;690,200;BR-365/MG;Crescente;Colisão traseira;0;0;0;0;0;1;0;0;0;0;0;0;0;0;0
31/08/2023;16:15:00;267;Sem vítima;680,000;BR-365/MG;Decrescente;Choque;0;0;0;0;0;0;0;0;0;1;1;0;0;0;0
01/09/2023;11:15:00;168;Com vítima;0,890;BR-364/MG;Decrescente;Tombamento;0;0;0;0;0;1;0;0;0;0;0;1;0;0;0
02/09/2023;11:28:00;185;Com vítima;839,350;BR-365/MG;Crescente;Capotamento;1;0;0;0;0;0;0;0;0;0;0;1;0;0;0
02/09/2023;16:15:00;278;Com vítima;794,000;BR-365/MG;Decrescente;Queda de moto;0;0;0;1;0;0;0;0;0;0;0;1;0;0;0
02/09/2023;19:51:00;354;Sem vítima;780,000;BR-365/MG;Crescente;Choque;1;0;0;0;0;0;0;0;0;0;1;0;0;0;0
04/09/2023;18:11:00;299;Com vítima;648,100;BR-365/MG;Decrescente;Choque;1;0;0;0;0;0;0;0;0;0;0;1;0;0;0
05/09/2023;08:40:00;110;Com vítima;755,000;BR-365/MG;Decrescente;Queda de moto;0;0;0;1;0;0;0;0;0;0;0;1;0;0;0
05/09/2023;19:12:00;337;Sem vítima;651,130;BR-365/MG;Crescente;Choque;1;0;0;0;0;0;0;0;0;0;1;0;0;0;0
06/09/2023;23:47:00;440;Sem vítima;826,160;BR-365/MG;Crescente;Choque;1;0;0;0;0;0;0;0;0;0;1;0;0;0;0
07/09/2023;00:35:00;9;Com vítima;712,400;BR-365/MG;Crescente;Choque;1;0;0;0;0;0;0;0;0;0;1;1;0;0;0
07/09/2023;02:05:00;18;Sem vítima;633,200;BR-365/MG;Decrescente;Choque;0;0;0;0;0;0;0;0;0;1;1;0;0;0;0
09/09/2023;02:12:00;19;Com vítima;706,500;BR-365/MG;Crescente;Tombamento;0;0;0;0;0;1;0;0;0;0;0;0;1;0;0
09/09/2023;21:36:00;300;Com vítima;706,500;BR-365/MG;Decrescente;Tombamento;0;0;0;0;0;1;0;0;0;0;0;1;0;0;0
12/09/2023;07:49:00;71;Com vítima;780,000;BR-365/MG;Crescente;Colisão lateral em sentido contrário;1;0;0;0;0;0;0;0;0;0;0;0;0;0;0
12/09/2023;17:07:00;274;Com vítima;794,000;BR-365/MG;Crescente;Capotamento;1;0;0;0;0;0;0;0;0;0;0;0;0;0;0
13/09/2023;15:55:00;292;Com vítima;750,000;BR-365/MG;Crescente;Colisão lateral no mesmo sentido;0;1;0;0;0;0;0;0;0;0;0;0;0;0;0
14/09/2023;11:33:00;182;Com vítima;849,100;BR-365/MG;Decrescente;Queda de moto;0;0;0;1;0;0;0;0;0;0;0;0;0;1;0
14/09/2023;18:37:00;298;Com vítima;794,500;BR-365/MG;Decrescente;Queda de moto;0;0;0;1;0;0;0;0;0;0;0;1;0;0;0
14/09/2023;19:53:00;318;Com vítima;637,550;BR-365/MG;Decrescente;Colisão lateral no mesmo sentido;0;0;0;0;0;1;0;0;0;0;1;0;0;0;0
16/09/2023;03:52:00;24;Com vítima;658,100;BR-365/MG;Decrescente;Colisão traseira;1;0;0;0;0;0;0;0;0;0;1;0;0;0;0
16/09/2023;06:25:00;31;Sem vítima;823,000;BR-365/MG;Decrescente;Choque;1;0;0;0;0;0;0;0;0;0;1;0;0;0;0
16/09/2023;19:42:00;272;Sem vítima;756,200;BR-365/MG;Decrescente;Choque;1;0;0;0;0;0;0;0;0;0;1;0;0;0;0
17/09/2023;22:00:00;316;Com vítima;856,380;BR-365/MG;Crescente;Colisão frontal;0;0;0;1;0;0;0;0;0;0;0;0;0;0;1
20/09/2023;15:34:00;279;Com vítima;23,700;BR-364/MG;Crescente;Colisão transversal;1;0;0;0;0;0;0;0;0;0;1;0;0;0;0
06/09/2022;13:55:00;398;Sem vítima;241,000;BR-116/SP;Decrescente;Choque;1;0;0;0;0;0;0;0;0;0;1;0;0;0;0
26/10/2022;12:32:00;517;Com vítima;264,000;BR-116/SP;Decrescente;Choque;1;0;0;0;0;0;0;0;0;0;0;1;0;0;0
03/11/2022;12:09:00;481;Com vítima;257,000;BR-116/SP;Crescente;Capotamento;1;0;0;0;0;0;0;0;0;0;0;0;1;0;0
03/12/2022;18:49:00;528;Com vítima;271,000;BR-116/SP;Crescente;Capotamento;1;0;0;0;0;0;0;0;0;0;0;0;0;1;0
24/02/2023;03:01:00;40;Sem vítima;245,000;BR-116/SP;Decrescente;Choque;0;0;0;0;0;0;0;0;0;0;0;0;0;0;0
11/06/2023;17:56:00;391;Sem vítima;301,000;BR-116/SP;Decrescente;Engavetamento;0;0;0;0;0;0;0;0;0;0;0;0;0;0;0
24/06/2023;09:38:00;174;Sem vítima;228,000;BR-116/SP;Decrescente;Tombamento;0;0;0;0;0;0;0;1;0;0;2;0;0;0;0
24/06/2023;09:58:00;184;Sem vítima;146,000;BR-116/SP;Crescente;Colisão traseira;0;0;0;0;0;0;0;0;0;0;0;0;0;0;0
24/06/2023;11:44:00;230;Sem vítima;99,000;BR-116/SP;Decrescente;Queda de moto;0;0;0;1;0;0;0;0;0;0;0;0;0;0;0
24/06/2023;14:46:00;313;Sem vítima;245,000;BR-116/SP;Decrescente;Engavetamento;1;0;0;0;0;0;0;0;0;0;2;0;0;0;0
24/06/2023;15:05:00;324;Com vítima;101,000;BR-116/SP;Decrescente;Queda de moto;0;0;0;1;0;0;0;0;0;0;0;2;0;0;0
30/06/2023;04:30:00;79;Com vítima;323,000;BR-116/SP;Crescente;Tombamento;0;0;1;0;0;0;0;0;0;0;0;2;0;0;0
30/06/2023;10:53:00;282;Com vítima;251,000;BR-116/SP;Decrescente;Tombamento;0;0;1;0;0;0;0;0;0;0;0;2;0;0;0
30/06/2023;13:36:00;361;Com vítima;313,000;BR-116/SP;Decrescente;Capotamento;1;0;0;0;0;0;0;0;0;0;0;2;0;0;0
30/06/2023;13:50:00;370;Sem vítima;313,000;BR-116/SP;Decrescente;Engavetamento;0;0;0;0;0;0;0;0;0;0;0;0;0;0;0
30/06/2023;14:18:00;383;Com vítima;313,000;BR-116/SP;Crescente;Colisão traseira;0;0;1;0;0;0;0;0;0;0;0;0;0;0;0
30/06/2023;18:39:00;499;Sem vítima;62,000;BR-116/SP;Decrescente;Choque;1;0;0;0;0;0;0;0;0;0;2;0;0;0;0
01/07/2023;02:48:00;51;Com vítima;206,000;BR-116/SP;Decrescente;Capotamento;1;0;0;0;0;0;0;0;0;0;0;2;0;0;0
01/07/2023;03:39:00;59;Sem vítima;156,000;BR-116/SP;Crescente;Colisão lateral em sentido contrário;0;0;0;0;0;0;0;0;0;0;0;0;0;0;0
05/07/2023;07:30:00;116;Sem vítima;52,000;BR-116/SP;Crescente;Choque;0;0;0;0;0;0;0;0;0;1;2;0;0;0;0
07/07/2023;07:11:00;114;Com vítima;145,000;BR-116/SP;Decrescente;Colisão traseira;0;0;1;0;0;0;0;0;0;0;2;0;0;0;0
07/07/2023;09:27:00;203;Com vítima;116,000;BR-116/SP;Decrescente;Engavetamento;0;0;0;0;0;0;0;1;0;0;0;0;0;0;0
07/07/2023;10:29:00;248;Com vítima;258,000;BR-116/SP;Decrescente;Colisão traseira;1;0;0;0;0;0;0;0;0;0;0;0;2;0;0
07/07/2023;11:17:00;286;Sem vítima;227,000;BR-116/SP;Decrescente;Choque;1;0;0;0;0;0;0;0;0;0;2;0;0;0;0
07/07/2023;12:36:00;315;Sem vítima;321,000;BR-116/SP;Crescente;Colisão traseira;2;0;0;0;0;0;0;0;0;0;0;0;0;0;0
07/07/2023;16:29:00;431;Sem vítima;32,000;BR-116/SP;Crescente;Choque;0;0;0;0;0;0;0;1;0;0;0;0;0;0;0
07/07/2023;16:48:00;435;Sem vítima;23,000;BR-116/SP;Decrescente;Capotamento;0;0;0;0;0;1;0;0;0;0;0;0;0;0;0
07/07/2023;19:56:00;543;Sem vítima;229,000;BR-116/SP;Decrescente;Colisão traseira;0;0;0;0;0;0;0;0;0;0;0;0;0;0;0
07/07/2023;20:17:00;556;Com vítima;134,000;BR-116/SP;Decrescente;Capotamento;1;0;0;0;0;0;0;0;0;0;0;0;2;0;0
07/07/2023;21:03:00;578;Sem vítima;477,000;BR-101/SP;Crescente;Choque;1;0;0;0;0;0;0;0;0;0;0;0;0;0;0
07/07/2023;23:20:00;634;Sem vítima;14,000;BR-116/SP;Crescente;Choque;1;0;0;0;0;0;0;0;0;0;0;0;0;0;0
08/07/2023;06:19:00;85;Com vítima;205,000;BR-116/SP;Crescente;Colisão lateral em sentido contrário;0;0;0;0;0;0;0;0;0;0;0;0;0;0;0
08/07/2023;07:54:00;137;Sem vítima;112,000;BR-116/SP;Decrescente;Engavetamento;0;0;0;0;0;0;0;0;0;0;0;0;0;0;0
08/07/2023;11:27:00;256;Sem vítima;130,000;BR-116/SP;Decrescente;Colisão traseira;1;0;0;0;0;0;0;0;0;0;2;0;0;0;0
08/07/2023;11:29:00;257;Sem vítima;1,000;BR-101/SP;Crescente;Colisão lateral em sentido contrário;0;0;0;0;0;0;0;0;0;1;2;0;0;0;0
09/07/2023;05:31:00;56;Sem vítima;225,000;BR-116/SP;Crescente;Atropelamento de animal;0;0;0;0;0;0;0;0;0;0;0;0;0;0;0
09/07/2023;06:43:00;73;Com vítima;232,000;BR-116/SP;Decrescente;Colisão lateral em sentido contrário;0;0;0;0;0;0;0;0;0;0;0;0;0;0;0
10/07/2023;09:25:00;231;Sem vítima;274,000;BR-116/SP;Decrescente;Colisão lateral em sentido contrário;0;0;0;0;0;0;0;0;0;0;0;0;0;0;0
10/07/2023;11:07:00;286;Sem vítima;124,000;BR-116/SP;Crescente;Colisão traseira;0;0;0;0;0;0;0;0;0;0;0;0;0;0;0
10/07/2023;12:36:00;321;Sem vítima;101,000;BR-116/SP;Crescente;Colisão traseira;0;0;0;0;0;0;0;0;0;0;0;0;0;0;0
10/07/2023;18:05:00;485;Sem vítima;124,000;BR-116/SP;Decrescente;Colisão traseira;0;0;0;0;0;0;0;0;0;0;0;0;0;0;0
11/07/2023;05:53:00;62;Com vítima;173,000;BR-116/SP;Crescente;Colisão traseira;0;0;0;0;0;0;0;0;0;0;0;0;0;0;0
12/07/2023;18:42:00;424;Com vítima;64,000;BR-116/SP;Decrescente;Colisão lateral em sentido contrário;0;0;0;0;0;0;0;0;0;0;0;0;0;0;0
13/07/2023;06:35:00;79;Sem vítima;250,000;BR-116/SP;Decrescente;Colisão traseira;0;0;0;0;0;0;0;0;0;0;0;0;0;0;0
13/07/2023;10:09:00;264;Sem vítima;51,000;BR-116/SP;Crescente;Colisão traseira;0;0;0;0;0;0;0;0;0;0;0;0;0;0;0
14/07/2023;05:09:00;69;Com vítima;292,000;BR-116/SP;Decrescente;Tombamento;0;0;1;0;0;0;0;0;0;0;0;2;0;0;0
14/07/2023;09:50:00;238;Sem vítima;225,000;BR-116/SP;Crescente;Colisão traseira;0;0;0;0;0;0;0;0;0;0;0;0;0;0;0
14/07/2023;12:41:00;327;Sem vítima;6,000;BR-101/SP;Crescente;Choque;1;0;0;0;0;0;0;0;0;0;2;0;0;0;0
14/07/2023;15:32:00;421;Sem vítima;24,000;BR-116/SP;Decrescente;Engavetamento;1;0;0;0;0;0;0;0;0;0;2;0;0;0;0
14/07/2023;15:48:00;436;Com vítima;106,000;BR-116/SP;Crescente;Queda de moto;0;0;0;1;0;0;0;0;0;0;0;0;2;0;0
14/07/2023;16:28:00;452;Sem vítima;157,000;BR-116/SP;Decrescente;Engavetamento;1;0;0;0;0;0;0;0;0;0;2;0;0;0;0
14/07/2023;16:43:00;460;Sem vítima;97,000;BR-116/SP;Crescente;Colisão lateral em sentido contrário;0;0;0;1;0;0;0;0;0;0;2;0;0;0;0
14/07/2023;16:46:00;462;Com vítima;112,000;BR-116/SP;Decrescente;Colisão traseira;1;0;0;0;0;0;0;0;0;0;2;0;0;0;0
14/07/2023;17:21:00;480;Sem vítima;390,000;BR-101/SP;Crescente;Colisão traseira;0;0;0;1;0;0;0;0;0;0;2;0;0;0;0
14/07/2023;17:56:00;494;Sem vítima;247,000;BR-116/SP;Crescente;Choque;0;0;0;0;0;0;0;0;0;0;0;0;0;0;0
14/07/2023;19:29:00;567;Sem vítima;142,000;BR-116/SP;Decrescente;Engavetamento;0;0;0;0;0;0;0;0;0;0;0;0;0;0;0
14/07/2023;20:54:00;604;Sem vítima;86,000;BR-116/SP;Decrescente;Engavetamento;1;0;0;0;0;0;0;0;0;0;2;0;0;0;0
15/07/2023;00:00:00;131;Sem vítima;123,000;BR-116/SP;Decrescente;Colisão traseira;1;0;0;0;0;0;0;0;0;0;2;0;0;0;0
15/07/2023;00:00:00;382;Com vítima;53,000;BR-116/SP;Crescente;Engavetamento;1;0;0;0;0;0;0;0;0;0;0;1;0;0;0
15/07/2023;00:18:00;19;Com vítima;318,000;BR-116/SP;Decrescente;Capotamento;1;0;0;0;0;0;0;0;0;0;0;2;0;0;0
15/07/2023;00:27:00;21;Com vítima;196,000;BR-116/SP;Crescente;Queda de moto;0;0;0;1;0;0;0;0;0;0;0;0;2;0;0
15/07/2023;06:20:00;78;Sem vítima;509,000;BR-101/SP;Crescente;Choque;1;0;0;0;0;0;0;0;0;0;2;0;0;0;0
15/07/2023;06:29:00;80;Sem vítima;192,000;BR-116/SP;Crescente;Queda de moto;0;0;0;1;0;0;0;0;0;0;2;0;0;0;0
15/07/2023;07:56:00;125;Sem vítima;210,000;BR-116/SP;Crescente;Colisão traseira;0;0;0;0;0;0;0;0;0;0;0;0;0;0;0
15/07/2023;08:40:00;146;Com vítima;125,000;BR-116/SP;Decrescente;Engavetamento;1;0;0;0;0;0;0;0;0;0;0;0;0;0;0
15/07/2023;09:22:00;168;Sem vítima;123,000;BR-116/SP;Decrescente;Colisão traseira;0;0;0;0;0;0;0;0;0;0;0;0;0;0;0
15/07/2023;10:11:00;197;Sem vítima;123,000;BR-116/SP;Decrescente;Colisão traseira;0;0;0;0;0;0;0;0;0;0;0;0;0;0;0
15/07/2023;16:17:00;328;Sem vítima;104,000;BR-116/SP;Crescente;Engavetamento;0;0;0;0;0;0;0;0;0;0;0;0;0;0;0
15/07/2023;18:44:00;380;Com vítima;53,000;BR-116/SP;Crescente;Colisão traseira;0;0;0;1;0;0;0;0;0;0;0;1;0;0;0
15/07/2023;18:59:00;384;Sem vítima;127,000;BR-116/SP;Crescente;Engavetamento;0;0;0;0;0;0;0;0;0;0;0;0;0;0;0
16/07/2023;00:00:00;384;Sem vítima;513,000;BR-101/SP;Crescente;Colisão traseira;0;0;0;1;0;0;0;0;0;0;1;0;0;0;0
16/07/2023;00:28:00;19;Sem vítima;254,000;BR-116/SP;Decrescente;Choque;1;0;0;0;0;0;0;0;0;0;0;0;0;0;0
16/07/2023;01:24:00;28;Sem vítima;84,000;BR-116/SP;Crescente;Colisão lateral em sentido contrário;1;0;0;0;0;0;0;0;0;0;1;0;0;0;0
16/07/2023;03:58:00;46;Sem vítima;139,000;BR-116/SP;Crescente;Choque;1;0;0;0;0;0;0;0;0;0;1;0;0;0;0
16/07/2023;06:01:00;59;Sem vítima;56,000;BR-116/SP;Decrescente;Choque;1;0;0;0;0;0;0;0;0;0;0;0;0;0;0
16/07/2023;06:14:00;62;Sem vítima;201,000;BR-116/SP;Decrescente;Choque;1;0;0;0;0;0;0;0;0;0;1;0;0;0;0
16/07/2023;12:04:00;201;Sem vítima;104,000;BR-116/SP;Crescente;Capotamento;1;0;0;0;0;0;0;0;0;0;1;0;0;0;0
16/07/2023;12:34:00;217;Sem vítima;104,000;BR-116/SP;Decrescente;Colisão traseira;1;0;0;0;0;0;0;0;0;0;1;0;0;0;0
16/07/2023;12:55:00;198;Com vítima;418,000;BR-101/SP;Crescente;Acidentes de outra natureza;0;0;0;1;0;0;0;0;0;0;0;0;0;1;0
16/07/2023;14:57:00;284;Com vítima;73,000;BR-116/SP;Crescente;Colisão lateral em sentido contrário;0;0;0;1;0;0;0;0;0;0;0;0;1;0;0
16/07/2023;16:08:00;326;Sem vítima;39,000;BR-116/SP;Crescente;Engavetamento;0;0;0;0;0;0;0;0;0;0;0;0;0;0;0
16/07/2023;17:06:00;358;Sem vítima;44,000;BR-101/SP;Crescente;Colisão traseira;1;0;0;0;0;0;0;0;0;0;1;0;0;0;0
16/07/2023;19:50:00;390;Com vítima;511,000;BR-101/SP;Crescente;Colisão frontal;1;0;0;0;0;0;0;0;0;0;0;0;1;0;0
16/07/2023;20:26:00;459;Sem vítima;437,000;BR-101/SP;Crescente;Choque;0;0;0;0;0;0;0;0;0;1;0;0;0;0;0
17/07/2023;00:00:00;41;Sem vítima;51,000;BR-116/SP;Decrescente;Choque;0;0;1;0;0;0;0;0;0;0;1;0;0;0;0
17/07/2023;12:02:00;248;Sem vítima;303,000;BR-116/SP;Decrescente;Choque;1;0;0;0;0;0;0;0;0;0;1;0;0;0;0
17/07/2023;12:55:00;272;Sem vítima;182,000;BR-116/SP;Decrescente;Colisão traseira;0;0;1;0;0;0;0;0;0;0;1;0;0;0;0
17/07/2023;14:50:00;329;Com vítima;313,000;BR-116/SP;Decrescente;Queda de moto;0;0;0;1;0;0;0;0;0;0;0;1;0;0;0
17/07/2023;17:48:00;427;Com vítima;82,000;BR-116/SP;Decrescente;Queda de moto;0;0;0;1;0;0;0;0;0;0;0;1;0;0;0
18/07/2023;17:08:00;410;Com vítima;293,000;BR-116/SP;Decrescente;Queda de moto;0;0;0;1;0;0;0;0;0;0;0;2;0;0;0
18/07/2023;20:52:00;509;Sem vítima;231,000;BR-116/SP;Crescente;Acidentes de outra natureza;1;0;0;0;0;0;0;0;0;0;0;0;0;0;0
19/07/2023;00:15:00;15;Sem vítima;82,000;BR-116/SP;Decrescente;Colisão traseira;0;0;0;0;0;0;0;0;0;0;0;0;0;0;0
19/07/2023;07:17:00;112;Sem vítima;315,000;BR-116/SP;Decrescente;Colisão lateral em sentido contrário;0;0;1;0;0;0;0;0;0;0;0;0;0;0;0
19/07/2023;07:52:00;132;Sem vítima;165,000;BR-116/SP;Decrescente;Engavetamento;0;0;0;0;0;1;0;0;0;0;0;0;0;0;0
20/07/2023;14:44:00;356;Sem vítima;115,000;BR-116/SP;Crescente;Colisão traseira;0;0;0;0;0;0;0;1;0;0;0;0;0;0;0
20/07/2023;16:16:00;404;Sem vítima;105,000;BR-116/SP;Crescente;Engavetamento;1;0;0;0;0;0;0;0;0;0;2;0;0;0;0
20/07/2023;17:31:00;438;Sem vítima;100,000;BR-116/SP;Crescente;Engavetamento;0;0;1;0;0;0;0;0;0;0;2;0;0;0;0
20/07/2023;19:14:00;473;Sem vítima;572,000;BR-101/SP;Crescente;Colisão lateral em sentido contrário;0;0;0;0;0;0;0;0;0;1;2;0;0;0;0
20/07/2023;19:54:00;510;Com vítima;193,000;BR-116/SP;Decrescente;Colisão traseira;0;0;0;0;0;0;0;0;0;0;0;0;0;0;0
20/07/2023;20:05:00;517;Sem vítima;307,000;BR-116/SP;Crescente;Choque;0;0;0;0;0;0;0;0;0;0;0;0;0;0;0
21/07/2023;08:08:00;124;Com vítima;112,000;BR-116/SP;Decrescente;Colisão traseira;0;0;0;0;0;0;0;0;0;0;0;0;0;0;0
21/07/2023;09:48:00;178;Sem vítima;5,000;BR-116/SP;Crescente;Colisão traseira;0;0;0;0;0;0;0;0;0;0;0;0;0;0;0
21/07/2023;10:32:00;202;Sem vítima;116,000;BR-116/SP;Decrescente;Colisão traseira;0;0;0;0;0;0;0;0;0;0;0;0;0;0;0
21/07/2023;10:47:00;209;Sem vítima;116,000;BR-116/SP;Decrescente;Colisão traseira;1;0;0;0;0;0;0;0;0;0;2;0;0;0;0
21/07/2023;10:51:00;211;Sem vítima;508,000;BR-101/SP;Crescente;Colisão traseira;0;0;0;0;0;0;0;0;0;0;0;0;0;0;0
21/07/2023;11:25:00;225;Sem vítima;280,000;BR-116/SP;Decrescente;Colisão traseira;0;0;0;0;0;0;0;0;0;0;0;0;0;0;0
21/07/2023;14:55:00;300;Sem vítima;332,000;BR-116/SP;Decrescente;Colisão traseira;0;0;0;0;0;0;0;0;0;0;0;0;0;0;0
21/07/2023;17:18:00;369;Com vítima;257,000;BR-116/SP;Crescente;Capotamento;0;0;0;0;0;0;0;0;0;0;0;0;0;0;0
21/07/2023;17:40:00;377;Com vítima;105,000;BR-116/SP;Decrescente;Colisão traseira;0;0;0;1;0;0;0;0;0;0;0;1;0;0;0
21/07/2023;18:19:00;394;Sem vítima;145,000;BR-116/SP;Decrescente;Colisão traseira;0;0;1;0;0;0;0;0;0;0;2;0;0;0;0
21/07/2023;18:25:00;395;Com vítima;213,000;BR-116/SP;Crescente;Choque;0;0;0;1;0;0;0;0;0;0;0;2;0;0;0
21/07/2023;19:15:00;418;Com vítima;142,000;BR-116/SP;Crescente;Queda de moto;0;0;0;1;0;0;0;0;0;0;0;1;0;0;0
21/07/2023;19:22:00;422;Sem vítima;281,000;BR-116/SP;Crescente;Colisão traseira;0;0;0;0;1;0;0;0;0;0;2;0;0;0;0
21/07/2023;19:27:00;423;Sem vítima;156,000;BR-116/SP;Crescente;Queda de moto;0;0;0;1;0;0;0;0;0;0;1;0;0;0;0
22/07/2023;05:21:00;55;Sem vítima;317,000;BR-116/SP;Decrescente;Choque;1;0;0;0;0;0;0;0;0;0;1;0;0;0;0
22/07/2023;05:53:00;62;Com vítima;116,000;BR-116/SP;Crescente;Colisão traseira;1;0;0;0;0;0;0;0;0;0;0;1;0;0;0
22/07/2023;06:45:00;83;Sem vítima;463,000;BR-101/SP;Crescente;Queda de moto;0;0;0;1;0;0;0;0;0;0;1;0;0;0;0
22/07/2023;08:27:00;143;Com vítima;228,000;BR-116/SP;Crescente;Colisão traseira;0;0;0;0;0;0;0;0;0;0;0;0;0;0;0
22/07/2023;09:02:00;167;Com vítima;47,000;BR-116/SP;Decrescente;Capotamento;0;0;0;1;0;0;0;0;0;0;0;1;0;0;0