data;horario;n_da_ocorrencia;tipo_de_ocorrencia;km;trecho;sentido;tipo_de_acidente;automovel;bicicleta;caminhao;moto;onibus;outros;tracao_animal;transporte_de_cargas_especiais;trator_maquinas;utilitarios;ilesos;levemente_feridos;moderadamente_feridos;gravemente_feridos;mortos
05/08/2023;12:32:00;260;Com vítima;478,000;BR-101/SP;Crescente;Colisão traseira;0;0;0;0;0;0;0;0;0;0;0;0;0;0;0
05/08/2023;13:00:00;268;Sem vítima;158,000;BR-116/SP;Decrescente;Colisão traseira;1;0;0;0;0;0;0;0;0;0;1;0;0;0;0
05/08/2023;13:15:00;278;Sem vítima;158,000;BR-116/SP;Decrescente;Colisão traseira;1;0;0;0;0;0;0;0;0;0;1;0;0;0;0
05/08/2023;13:21:00;283;Com vítima;38,000;BR-116/SP;Decrescente;Colisão lateral em sentido contrário;0;0;0;0;0;0;0;0;0;1;0;1;0;0;0
05/08/2023;14:34:00;322;Sem vítima;207,000;BR-116/SP;Crescente;Colisão traseira;0;0;1;0;0;0;0;0;0;0;1;0;0;0;0
05/08/2023;15:03:00;331;Sem vítima;221,000;BR-116/SP;Crescente;Engavetamento;0;0;0;0;0;0;0;0;0;0;0;0;0;0;0
05/08/2023;16:52:00;395;Com vítima;41,000;BR-116/SP;Crescente;Queda de moto;0;0;0;1;0;0;0;0;0;0;0;0;1;0;0
05/08/2023;22:21:00;517;Com vítima;165,000;BR-116/SP;Crescente;Colisão lateral em sentido contrário;0;0;0;0;0;0;0;0;0;0;0;0;0;0;0
05/08/2023;22:53:00;198;Com vítima;21,000;BR-116/SP;Crescente;Colisão lateral em sentido contrário;0;0;0;0;0;0;0;1;0;0;0;0;1;0;0
06/08/2023;02:08:00;31;Sem vítima;124,000;BR-116/SP;Decrescente;Colisão traseira;0;0;0;0;0;0;0;0;0;0;0;0;0;0;0
06/08/2023;03:45:00;43;Sem vítima;169,000;BR-116/SP;Crescente;Choque;0;0;0;0;0;0;0;0;0;0;0;0;0;0;0
06/08/2023;05:47:00;63;Sem vítima;91,000;BR-116/SP;Decrescente;Acidentes de outra natureza;0;0;0;0;0;0;0;0;0;0;0;0;0;0;0
06/08/2023;09:11:00;153;Com vítima;126,000;BR-116/SP;Crescente;Engavetamento;0;0;0;0;0;0;0;0;0;0;0;0;0;0;0
06/08/2023;09:56:00;177;Com vítima;320,000;BR-116/SP;Decrescente;Colisão lateral em sentido contrário;0;0;0;0;0;0;0;0;0;0;0;0;0;0;0
06/08/2023;11:39:00;219;Com vítima;50,000;BR-116/SP;Crescente;Colisão traseira;0;0;0;0;0;0;0;0;0;0;0;0;0;0;0
06/08/2023;15:05:00;313;Sem vítima;284,000;BR-116/SP;Decrescente;Colisão traseira;0;0;0;0;0;0;0;0;0;0;0;0;0;0;0
06/08/2023;15:32:00;329;Sem vítima;52,000;BR-116/SP;Decrescente;Colisão lateral em sentido contrário;0;0;0;0;0;0;0;0;0;0;0;0;0;0;0
06/08/2023;16:18:00;356;Com vítima;197,000;BR-116/SP;Crescente;Colisão traseira;0;0;0;0;0;0;0;0;0;0;0;0;0;0;0
06/08/2023;16:23:00;362;Sem vítima;104,000;BR-116/SP;Crescente;Engavetamento;0;0;0;0;0;0;0;0;0;0;0;0;0;0;0
06/08/2023;20:53:00;503;Sem vítima;154,000;BR-116/SP;Crescente;Engavetamento;0;0;0;0;0;0;0;0;0;0;0;0;0;0;0
06/08/2023;21:13:00;515;Com vítima;59,000;BR-116/SP;Crescente;Colisão traseira;0;0;0;0;0;0;0;0;0;0;0;0;0;0;0
06/08/2023;23:47:00;559;Sem vítima;32,000;BR-116/SP;Decrescente;Colisão traseira;0;0;0;0;0;0;0;0;0;0;0;0;0;0;0
07/08/2023;05:35:00;62;Sem vítima;232,000;BR-116/SP;Decrescente;Colisão lateral em sentido contrário;0;0;0;0;0;0;0;0;0;0;0;0;0;0;0
07/08/2023;06:52:00;94;Com vítima;596,000;BR-101/SP;Crescente;Capotamento;0;0;0;0;0;0;0;0;0;0;0;0;0;0;0
07/08/2023;07:32:00;130;Sem vítima;153,000;BR-116/SP;Crescente;Engavetamento;0;0;0;0;0;0;0;0;0;0;0;0;0;0;0
07/08/2023;08:07:00;149;Sem vítima;109,000;BR-116/SP;Crescente;Engavetamento;0;0;0;0;0;0;0;0;0;0;0;0;0;0;0
07/08/2023;08:15:00;158;Sem vítima;247,000;BR-116/SP;Decrescente;Colisão lateral em sentido contrário;0;0;0;0;0;0;0;0;0;0;0;0;0;0;0
07/08/2023;08:39:00;175;Sem vítima;138,000;BR-116/SP;Crescente;Colisão traseira;0;0;0;0;0;0;0;0;0;0;0;0;0;0;0
07/08/2023;08:49:00;183;Sem vítima;39,000;BR-116/SP;Decrescente;Choque;0;0;0;0;0;0;0;0;0;0;0;0;0;0;0
07/08/2023;08:54:00;189;Sem vítima;108,000;BR-116/SP;Crescente;Engavetamento;0;0;0;0;0;0;0;0;0;0;0;0;0;0;0
07/08/2023;09:01:00;195;Com vítima;310,000;BR-116/SP;Decrescente;Colisão lateral em sentido contrário;0;0;0;1;0;0;0;0;0;0;0;1;0;0;0
07/08/2023;09:15:00;206;Com vítima;155,000;BR-116/SP;Crescente;Colisão traseira;0;0;0;0;0;0;0;0;0;0;0;0;0;0;0
07/08/2023;09:20:00;211;Com vítima;386,000;BR-101/SP;Crescente;Engavetamento;0;0;0;0;0;0;0;0;0;0;0;0;0;0;0
07/08/2023;09:37:00;221;Com vítima;260,000;BR-116/SP;Decrescente;Queda de moto;0;0;0;0;0;0;0;0;0;0;0;0;0;0;0
07/08/2023;09:46:00;226;Com vítima;471,000;BR-101/SP;Crescente;Colisão traseira;0;0;0;0;0;0;0;0;0;0;0;0;0;0;0
07/08/2023;10:06:00;238;Sem vítima;39,000;BR-116/SP;Decrescente;Colisão traseira;0;0;0;0;0;0;0;0;0;0;0;0;0;0;0
07/08/2023;11:11:00;275;Sem vítima;231,000;BR-116/SP;Crescente;Colisão lateral em sentido contrário;0;0;0;0;0;0;0;0;0;0;0;0;0;0;0
07/08/2023;12:00:00;296;Sem vítima;127,000;BR-116/SP;Crescente;Colisão traseira;0;0;0;0;0;0;0;0;0;0;0;0;0;0;0
07/08/2023;13:51:00;345;Com vítima;135,000;BR-116/SP;Crescente;Colisão traseira;0;0;0;0;0;0;0;0;0;0;0;0;0;0;0
07/08/2023;15:03:00;381;Sem vítima;155,000;BR-116/SP;Crescente;Colisão traseira;0;0;0;0;0;0;0;0;0;0;0;0;0;0;0
07/08/2023;15:24:00;387;Com vítima;309,000;BR-116/SP;Crescente;Queda de moto;0;0;0;0;0;0;0;0;0;0;0;0;0;0;0
07/08/2023;20:07:00;527;Com vítima;317,000;BR-116/SP;Crescente;Queda de moto;0;0;0;1;0;0;0;0;0;0;0;0;1;0;0
07/08/2023;21:38:00;562;Com vítima;186,000;BR-116/SP;Decrescente;Atropelamento de pedestre;0;0;0;0;0;0;0;0;0;0;0;0;0;0;0
08/08/2023;02:44:00;56;Sem vítima;209,000;BR-116/SP;Crescente;Choque;0;0;1;0;0;0;0;0;0;0;1;0;0;0;0
08/08/2023;03:12:00;60;Sem vítima;111,000;BR-116/SP;Decrescente;Choque;0;0;1;0;0;0;0;0;0;0;1;0;0;0;0
08/08/2023;06:59:00;105;Com vítima;488,000;BR-101/SP;Crescente;Colisão traseira;0;0;0;1;0;0;0;0;0;0;0;1;0;0;0
08/08/2023;07:54:00;138;Com vítima;183,000;BR-116/SP;Decrescente;Colisão traseira;1;0;0;0;0;0;0;0;0;0;0;0;1;0;0
08/08/2023;09:11:00;180;Com vítima;543,000;BR-101/SP;Crescente;Choque;1;0;0;0;0;0;0;0;0;0;0;1;0;0;0
08/08/2023;09:16:00;183;Com vítima;99,000;BR-116/SP;Decrescente;Queda de moto;0;0;0;1;0;0;0;0;0;0;0;1;0;0;0
08/08/2023;09:51:00;197;Sem vítima;522,000;BR-101/SP;Crescente;Choque;1;0;0;0;0;0;0;0;0;0;1;0;0;0;0
08/08/2023;12:00:00;265;Sem vítima;277,000;BR-116/SP;Decrescente;Choque;1;0;0;0;0;0;0;0;0;0;1;0;0;0;0
08/08/2023;12:33:00;276;Com vítima;39,000;BR-116/SP;Crescente;Queda de moto;0;0;0;1;0;0;0;0;0;0;0;1;0;0;0
08/08/2023;14:52:00;327;Sem vítima;524,000;BR-101/SP;Crescente;Colisão lateral em sentido contrário;0;0;1;0;0;0;0;0;0;0;1;0;0;0;0
08/08/2023;15:05:00;332;Sem vítima;28,000;BR-101/SP;Crescente;Acidentes de outra natureza;0;0;1;0;0;0;0;0;0;0;1;0;0;0;0
08/08/2023;15:41:00;343;Sem vítima;208,000;BR-116/SP;Decrescente;Colisão lateral em sentido contrário;0;0;1;0;0;0;0;0;0;0;1;0;0;0;0
08/08/2023;20:06:00;455;Com vítima;45,000;BR-101/SP;Crescente;Capotamento;1;0;0;0;0;0;0;0;0;0;0;0;1;0;0
09/08/2023;05:35:00;69;Sem vítima;54,000;BR-116/SP;Decrescente;Colisão lateral em sentido contrário;0;0;0;0;0;0;0;0;0;0;0;0;0;0;0
09/08/2023;06:05:00;73;Com vítima;211,000;BR-116/SP;Crescente;Choque;1;0;0;0;0;0;0;0;0;0;0;0;0;1;0
09/08/2023;06:52:00;97;Sem vítima;294,000;BR-116/SP;Crescente;Colisão lateral em sentido contrário;1;0;0;0;0;0;0;0;0;0;0;0;0;0;0
09/08/2023;07:11:00;109;Com vítima;233,000;BR-116/SP;Decrescente;Capotamento;1;0;0;0;0;0;0;0;0;0;1;0;0;0;0
09/08/2023;07:31:00;126;Sem vítima;226,000;BR-116/SP;Crescente;Choque;1;0;0;0;0;0;0;0;0;0;1;0;0;0;0
09/08/2023;09:04:00;174;Com vítima;505,000;BR-101/SP;Crescente;Colisão lateral em sentido contrário;1;0;0;1;0;0;0;0;0;0;1;0;1;0;0
09/08/2023;13:29:00;303;Sem vítima;201,000;BR-116/SP;Decrescente;Choque;1;0;0;0;0;0;0;0;0;0;1;0;0;0;0
09/08/2023;17:01:00;380;Com vítima;311,000;BR-116/SP;Decrescente;Colisão traseira;1;0;0;0;0;0;0;0;0;0;1;0;0;0;0
09/08/2023;17:39:00;401;Sem vítima;447,000;BR-101/SP;Crescente;Capotamento;1;0;0;0;0;0;0;0;0;0;1;0;0;0;0
09/08/2023;17:42:00;404;Com vítima;147,000;BR-116/SP;Decrescente;Colisão traseira;0;0;0;1;0;0;0;0;0;0;0;1;0;0;0
09/08/2023;19:38:00;455;Com vítima;160,000;BR-116/SP;Decrescente;Choque;0;0;0;1;0;0;0;0;0;0;0;0;0;1;0
09/08/2023;21:11:00;486;Sem vítima;210,000;BR-116/SP;Crescente;Colisão traseira;1;0;1;0;0;0;0;0;0;0;2;0;0;0;0
10/08/2023;00:00:00;519;Com vítima;302,000;BR-116/SP;Decrescente;Engavetamento;0;0;0;0;0;0;0;1;0;0;1;0;0;0;0
10/08/2023;06:57:00;103;Com vítima;51,000;BR-116/SP;Crescente;Colisão traseira;0;0;0;1;0;0;0;0;0;0;0;1;0;0;0
10/08/2023;07:07:00;113;Com vítima;210,000;BR-116/SP;Decrescente;Capotamento;1;0;0;0;0;0;0;0;0;0;0;1;0;0;0
10/08/2023;08:04:00;165;Sem vítima;158,000;BR-116/SP;Decrescente;Engavetamento;0;0;0;0;0;0;0;0;0;0;0;0;0;0;0
10/08/2023;08:29:00;184;Com vítima;146,000;BR-116/SP;Crescente;Engavetamento;0;0;0;0;0;0;0;0;0;1;1;0;0;0;0
10/08/2023;08:47:00;196;Sem vítima;147,000;BR-116/SP;Crescente;Colisão lateral em sentido contrário;0;0;1;0;0;0;0;0;0;0;1;0;0;0;0
10/08/2023;09:11:00;212;Sem vítima;143,000;BR-116/SP;Crescente;Colisão traseira;1;0;0;0;0;0;0;0;0;0;1;0;0;0;0
10/08/2023;09:46:00;232;Sem vítima;143,000;BR-116/SP;Crescente;Engavetamento;2;0;0;0;0;0;0;0;0;0;2;0;0;0;0
10/08/2023;09:58:00;239;Sem vítima;109,000;BR-116/SP;Crescente;Colisão lateral em sentido contrário;0;0;0;0;0;0;0;1;0;0;1;0;0;0;0
10/08/2023;10:18:00;257;Com vítima;218,000;BR-116/SP;Crescente;Colisão lateral em sentido contrário;1;0;0;0;0;0;0;0;0;0;1;0;0;0;0
10/08/2023;12:04:00;309;Com vítima;123,000;BR-116/SP;Decrescente;Engavetamento;0;0;0;0;0;0;0;1;0;0;0;1;0;0;0
10/08/2023;12:12:00;316;Sem vítima;182,000;BR-116/SP;Decrescente;Colisão traseira;0;0;2;0;0;0;0;0;0;0;2;0;0;0;0
10/08/2023;12:57:00;336;Com vítima;127,000;BR-116/SP;Decrescente;Colisão traseira;0;0;0;1;0;0;0;0;0;0;0;0;0;1;0
10/08/2023;12:57:00;337;Sem vítima;504,000;BR-101/SP;Crescente;Colisão traseira;0;0;0;0;0;0;0;0;0;0;0;0;0;0;0
10/08/2023;14:27:00;370;Sem vítima;57,000;BR-116/SP;Decrescente;Colisão traseira;2;0;0;0;0;0;0;0;0;0;2;0;0;0;0
10/08/2023;14:45:00;381;Sem vítima;115,000;BR-116/SP;Decrescente;Queda de moto;0;0;0;1;0;0;0;0;0;0;1;0;0;0;0
10/08/2023;15:38:00;403;Sem vítima;233,000;BR-116/SP;Decrescente;Colisão lateral em sentido contrário;0;0;0;0;0;0;0;0;0;1;0;0;0;0;0
10/08/2023;16:07:00;421;Sem vítima;262,000;BR-116/SP;Decrescente;Colisão traseira;1;0;0;0;0;0;0;0;0;0;1;0;0;0;0
10/08/2023;16:24:00;430;Com vítima;303,000;BR-116/SP;Decrescente;Colisão traseira;1;0;0;0;0;0;0;0;0;0;1;0;0;0;0
10/08/2023;16:27:00;432;Sem vítima;302,000;BR-116/SP;Decrescente;Colisão lateral em sentido contrário;0;0;1;0;0;0;0;0;0;0;1;0;0;0;0
10/08/2023;18:19:00;484;Sem vítima;154,000;BR-116/SP;Crescente;Acidentes de outra natureza;0;0;0;1;0;0;0;0;0;0;0;0;0;0;0
10/08/2023;19:06:00;525;Sem vítima;218,000;BR-116/SP;Decrescente;Choque;1;0;0;0;0;0;0;0;0;0;1;0;0;0;0
10/08/2023;19:41:00;541;Com vítima;304,000;BR-116/SP;Decrescente;Colisão traseira;1;0;0;0;0;0;0;0;0;1;1;0;1;0;0
10/08/2023;19:50:00;546;Com vítima;196,000;BR-116/SP;Decrescente;Choque;1;0;0;0;0;0;0;0;0;0;0;0;1;0;0
10/08/2023;20:24:00;556;Com vítima;45,000;BR-116/SP;Crescente;Choque;1;0;0;0;0;0;0;0;0;0;0;1;0;0;0
10/08/2023;23:12:00;594;Sem vítima;185,000;BR-116/SP;Crescente;Choque;1;0;0;0;0;0;0;0;0;0;1;0;0;0;0
11/08/2023;07:51:00;160;Com vítima;169,000;BR-116/SP;Decrescente;Colisão traseira;0;0;0;1;0;0;0;0;0;0;0;0;1;0;0
11/08/2023;08:00:00;166;Sem vítima;160,000;BR-116/SP;Decrescente;Engavetamento;1;0;0;0;0;0;0;0;0;0;1;0;0;0;0
11/08/2023;08:27:00;188;Sem vítima;229,000;BR-116/SP;Decrescente;Tombamento;0;0;0;0;0;0;0;1;0;0;1;0;0;0;0
11/08/2023;08:58:00;211;Com vítima;518,000;BR-101/SP;Crescente;Queda de moto;0;0;0;1;0;0;0;0;0;0;0;0;0;1;0
11/08/2023;09:22:00;227;Sem vítima;97,000;BR-116/SP;Decrescente;Colisão traseira;1;0;0;0;0;0;0;0;0;0;1;0;0;0;0
11/08/2023;09:26:00;231;Sem vítima;140,000;BR-116/SP;Crescente;Colisão traseira;0;0;0;0;0;0;0;0;0;0;0;0;0;0;0
11/08/2023;13:28:00;343;Sem vítima;212,000;BR-116/SP;Crescente;Colisão traseira;2;0;0;0;0;0;0;0;0;0;2;0;0;0;0
11/08/2023;14:55:00;388;Sem vítima;28,000;BR-116/SP;Crescente;Choque;0;0;1;0;0;0;0;0;0;0;1;0;0;0;0
11/08/2023;15:32:00;405;Sem vítima;232,000;BR-116/SP;Decrescente;Choque;0;0;1;0;0;0;0;0;0;0;1;0;0;0;0
11/08/2023;16:31:00;432;Sem vítima;187,000;BR-116/SP;Decrescente;Choque;0;0;1;0;0;0;0;0;0;0;1;0;0;0;0
11/08/2023;17:00:00;455;Sem vítima;154,000;BR-116/SP;Crescente;Colisão lateral em sentido contrário;1;0;0;0;0;0;0;0;0;0;1;0;0;0;0
11/08/2023;17:37:00;473;Sem vítima;295,000;BR-116/SP;Decrescente;Colisão traseira;1;0;0;0;0;0;0;0;0;0;0;0;0;0;0
11/08/2023;18:10:00;490;Sem vítima;239,000;BR-116/SP;Crescente;Colisão lateral em sentido contrário;0;0;0;0;0;0;0;1;0;0;1;0;0;0;0
11/08/2023;18:40:00;512;Sem vítima;143,000;BR-116/SP;Decrescente;Acidentes de outra natureza;0;0;0;1;0;0;0;0;0;0;0;0;0;0;0
11/08/2023;19:06:00;528;Com vítima;383,000;BR-101/SP;Crescente;Queda de moto;0;0;0;1;0;0;0;0;0;0;0;0;1;0;0
12/08/2023;00:06:00;17;Sem vítima;316,000;BR-116/SP;Decrescente;Choque;0;0;0;0;0;0;0;0;0;0;0;0;0;0;0
12/08/2023;06:50:00;98;Com vítima;54,000;BR-116/SP;Decrescente;Queda de moto;0;0;0;1;0;0;0;0;0;0;0;0;1;0;0
12/08/2023;09:29:00;177;Sem vítima;161,000;BR-116/SP;Decrescente;Colisão traseira;0;0;0;0;0;0;0;0;0;0;0;0;0;0;0
12/08/2023;11:03:00;208;Com vítima;219,000;BR-116/SP;Crescente;Capotamento;1;0;0;0;0;0;0;0;0;0;1;0;0;0;0
12/08/2023;12:04:00;224;Com vítima;109,000;BR-116/SP;Decrescente;Engavetamento;1;0;0;0;0;0;0;0;0;0;0;0;0;0;0
12/08/2023;12:11:00;227;Sem vítima;218,000;BR-116/SP;Crescente;Colisão traseira;0;0;0;0;0;0;0;0;0;0;0;0;0;0;0
12/08/2023;13:33:00;262;Com vítima;532,000;BR-101/SP;Crescente;Colisão traseira;1;0;0;0;0;0;0;0;0;0;0;0;0;1;0
12/08/2023;14:04:00;279;Com vítima;253,000;BR-116/SP;Crescente;Colisão frontal;0;0;0;0;0;0;0;0;0;1;1;0;0;0;0
12/08/2023;15:21:00;311;Com vítima;155,000;BR-116/SP;Crescente;Engavetamento;1;0;0;0;0;0;0;0;0;0;1;0;0;0;0
12/08/2023;16:31:00;348;Sem vítima;18,000;BR-116/SP;Crescente;Tombamento;0;0;1;0;0;0;0;0;0;0;1;0;0;0;0
12/08/2023;16:36:00;351;Sem vítima;58,000;BR-116/SP;Decrescente;Choque;0;0;0;0;0;0;0;1;0;0;1;0;0;0;0
12/08/2023;16:52:00;358;Com vítima;320,000;BR-116/SP;Decrescente;Colisão traseira;0;0;0;0;0;0;0;0;0;0;0;0;0;0;0
12/08/2023;17:14:00;364;Com vítima;385,000;BR-101/SP;Crescente;Engavetamento;1;0;0;0;0;0;0;0;0;0;1;0;0;0;0
12/08/2023;18:32:00;390;Com vítima;49,000;BR-101/SP;Crescente;Colisão traseira;0;0;0;1;0;0;0;0;0;0;0;1;0;0;0
12/08/2023;18:37:00;392;Com vítima;268,000;BR-116/SP;Decrescente;Colisão traseira;1;0;0;0;0;0;0;0;0;0;0;0;1;0;0
12/08/2023;19:37:00;415;Sem vítima;281,000;BR-116/SP;Crescente;Colisão lateral em sentido contrário;0;0;0;0;0;0;0;0;0;0;0;0;0;0;0
12/08/2023;20:29:00;430;Sem vítima;70,000;BR-116/SP;Crescente;Choque;1;0;0;0;0;0;0;0;0;0;1;0;0;0;0
12/08/2023;23:18:00;464;Sem vítima;24,000;BR-116/SP;Decrescente;Choque;1;0;0;0;0;0;0;0;0;0;1;0;0;0;0
12/08/2023;23:54:00;473;Sem vítima;211,000;BR-116/SP;Crescente;Choque;1;0;0;0;0;0;0;0;0;0;1;0;0;0;0
13/08/2023;10:26:00;138;Sem vítima;440,000;BR-101/SP;Crescente;Choque;1;0;0;0;0;0;0;0;0;0;1;0;0;0;0
13/08/2023;10:36:00;146;Com vítima;180,000;BR-116/SP;Decrescente;Capotamento;1;0;0;0;0;0;0;0;0;0;1;0;0;0;0
13/08/2023;12:13:00;186;Com vítima;274,000;BR-116/SP;Decrescente;Capotamento;1;0;0;0;0;0;0;0;0;0;0;0;1;0;0
13/08/2023;17:20:00;294;Sem vítima;488,000;BR-101/SP;Crescente;Colisão traseira;0;0;0;0;0;1;0;0;0;0;0;0;0;0;0
13/08/2023;18:19:00;320;Sem vítima;284,000;BR-116/SP;Decrescente;Colisão traseira;1;0;0;0;0;0;0;0;0;0;1;0;0;0;0
13/08/2023;19:00:00;341;Com vítima;201,000;BR-116/SP;Crescente;Queda de moto;0;0;0;0;0;0;0;0;0;0;0;0;0;0;0
13/08/2023;21:02:00;377;Sem vítima;235,000;BR-116/SP;Decrescente;Choque;0;0;0;0;0;0;0;0;0;0;0;0;0;0;0
13/08/2023;21:02:00;378;Sem vítima;165,000;BR-116/SP;Crescente;Colisão lateral em sentido contrário;0;0;0;0;0;0;0;0;0;0;0;0;0;0;0
13/08/2023;22:08:00;392;Com vítima;51,000;BR-101/SP;Crescente;Colisão lateral em sentido contrário;0;0;0;0;0;0;0;0;0;0;0;0;0;0;0
13/08/2023;23:54:00;414;Com vítima;91,000;BR-116/SP;Crescente;Colisão traseira;0;0;0;0;0;0;0;0;0;0;0;0;0;0;0
14/08/2023;00:00:00;381;Com vítima;50,000;BR-116/SP;Decrescente;Colisão traseira;0;0;1;0;0;0;0;0;0;0;1;0;0;0;0
14/08/2023;00:12:00;18;Sem vítima;234,000;BR-116/SP;Decrescente;Choque;0;0;0;0;0;0;0;0;0;0;0;0;0;0;0
14/08/2023;04:29:00;50;Sem vítima;423,000;BR-101/SP;Crescente;Choque;0;0;0;0;0;0;0;0;0;0;0;0;0;0;0
14/08/2023;06:52:00;85;Sem vítima;226,000;BR-116/SP;Crescente;Choque;0;0;0;0;0;0;0;0;0;0;0;0;0;0;0
14/08/2023;07:13:00;97;Com vítima;392,000;BR-101/SP;Crescente;Colisão traseira;0;0;0;0;0;0;0;0;0;0;0;0;0;0;0
14/08/2023;07:25:00;103;Com vítima;158,000;BR-116/SP;Decrescente;Colisão traseira;0;0;0;0;0;0;0;0;0;0;0;0;0;0;0
14/08/2023;09:00:00;148;Com vítima;228,000;BR-116/SP;Decrescente;Choque;0;0;0;0;0;0;0;0;0;0;0;0;0;0;0
14/08/2023;10:40:00;199;Com vítima;442,000;BR-101/SP;Crescente;Colisão frontal;0;0;0;0;0;0;0;0;0;0;0;0;0;0;0
14/08/2023;13:57:00;265;Sem vítima;480,000;BR-101/SP;Crescente;Choque;0;0;0;0;0;0;0;0;0;0;0;0;0;0;0
14/08/2023;14:17:00;273;Com vítima;484,000;BR-101/SP;Crescente;Engavetamento;0;0;0;0;0;0;0;0;0;0;0;0;0;0;0
14/08/2023;15:53:00;318;Sem vítima;51,000;BR-116/SP;Decrescente;Choque;0;0;0;0;0;0;0;0;0;0;0;0;0;0;0
14/08/2023;23:00:00;483;Sem vítima;221,000;BR-116/SP;Crescente;Choque;0;0;1;0;0;0;0;0;0;0;1;0;0;0;0
15/08/2023;01:48:00;31;Sem vítima;74,000;BR-116/SP;Decrescente;Colisão lateral em sentido contrário;1;0;0;0;0;0;0;0;0;0;1;0;0;0;0
15/08/2023;04:34:00;53;Sem vítima;452,000;BR-101/SP;Crescente;Choque;0;0;1;0;0;0;0;0;0;0;1;0;0;0;0
15/08/2023;06:22:00;80;Sem vítima;231,000;BR-116/SP;Decrescente;Colisão lateral em sentido contrário;0;0;1;0;0;0;0;0;0;0;1;0;0;0;0
15/08/2023;07:36:00;140;Sem vítima;26,000;BR-116/SP;Crescente;Colisão traseira;1;0;1;0;0;0;0;0;0;0;2;0;0;0;0
15/08/2023;15:20:00;376;Sem vítima;224,000;BR-116/SP;Decrescente;Colisão traseira;0;0;0;0;1;0;0;0;0;0;1;0;0;0;0
15/08/2023;15:55:00;395;Com vítima;107,000;BR-116/SP;Crescente;Colisão traseira;0;0;0;0;0;0;0;1;0;0;1;0;0;0;0
16/08/2023;00:00:00;601;Com vítima;144,000;BR-116/SP;Crescente;Colisão lateral em sentido contrário;0;0;1;0;0;0;0;0;0;0;0;0;0;0;0
16/08/2023;03:00:00;32;Sem vítima;232,000;BR-116/SP;Decrescente;Tombamento;0;0;0;0;0;0;0;1;0;0;2;0;0;0;0
16/08/2023;06:00:00;60;Sem vítima;476,000;BR-101/SP;Crescente;Choque;1;0;0;0;0;0;0;0;0;0;2;0;0;0;0
16/08/2023;08:07:00;139;Com vítima;336,000;BR-116/SP;Crescente;Queda de moto;0;0;0;1;0;0;0;0;0;0;0;0;2;0;0
16/08/2023;08:50:00;173;Sem vítima;247,000;BR-116/SP;Decrescente;Colisão traseira;0;0;1;0;0;0;0;0;0;0;2;0;0;0;0
16/08/2023;13:27:00;329;Com vítima;290,000;BR-116/SP;Decrescente;Choque;0;0;2;0;0;0;0;0;0;0;4;0;0;0;0
16/08/2023;14:15:00;358;Com vítima;154,000;BR-116/SP;Crescente;Colisão lateral em sentido contrário;0;0;0;0;0;0;0;0;0;0;0;0;0;0;0
16/08/2023;17:30:00;450;Sem vítima;213,000;BR-116/SP;Decrescente;Colisão traseira;2;0;0;0;0;0;0;0;0;0;4;0;0;0;0
16/08/2023;20:43:00;547;Sem vítima;30,000;BR-116/SP;Crescente;Colisão traseira;0;0;0;0;0;0;0;2;0;0;0;0;0;0;0
16/08/2023;21:53:00;569;Sem vítima;226,000;BR-116/SP;Crescente;Colisão traseira;0;0;1;0;0;0;0;0;0;0;0;0;0;0;0
17/08/2023;00:00:00;176;Com vítima;481,000;BR-101/SP;Crescente;Queda de moto;0;0;0;1;0;0;0;0;0;0;0;0;0;0;0
17/08/2023;04:33:00;51;Com vítima;308,000;BR-116/SP;Crescente;Atropelamento de animal;0;0;0;0;0;0;0;0;0;0;0;0;0;0;0
17/08/2023;07:35:00;123;Sem vítima;331,000;BR-116/SP;Decrescente;Tombamento;0;0;0;0;0;0;0;1;0;0;0;0;0;0;0
17/08/2023;07:57:00;137;Sem vítima;209,000;BR-116/SP;Decrescente;Colisão traseira;1;0;0;0;0;0;0;0;0;0;0;0;0;0;0
17/08/2023;08:01:00;138;Com vítima;263,000;BR-116/SP;Decrescente;Colisão traseira;0;0;0;0;0;0;0;0;0;0;0;0;0;0;0
17/08/2023;08:40:00;162;Com vítima;113,000;BR-116/SP;Crescente;Queda de moto;0;0;0;1;0;0;0;0;0;0;0;0;0;0;0
17/08/2023;08:43:00;166;Sem vítima;205,000;BR-116/SP;Crescente;Engavetamento;1;0;0;0;0;0;0;0;0;0;0;0;0;0;0
17/08/2023;11:28:00;234;Sem vítima;229,000;BR-116/SP;Crescente;Engavetamento;1;0;0;0;0;0;0;0;0;0;0;0;0;0;0
17/08/2023;13:20:00;279;Sem vítima;127,000;BR-116/SP;Decrescente;Choque;1;0;0;0;0;0;0;0;0;0;0;0;0;0;0
17/08/2023;14:54:00;326;Sem vítima;155,000;BR-116/SP;Crescente;Engavetamento;0;0;0;0;0;0;0;0;0;0;0;0;0;0;0
17/08/2023;16:49:00;379;Com vítima;174,000;BR-116/SP;Decrescente;Capotamento;1;0;0;0;0;0;0;0;0;0;1;0;0;0;0