data;horario;n_da_ocorrencia;tipo_de_ocorrencia;km;trecho;sentido;tipo_de_acidente;automovel;bicicleta;caminhao;moto;onibus;outros;tracao_animal;transporte_de_cargas_especiais;trator_maquinas;utilitarios;ilesos;levemente_feridos;moderadamente_feridos;gravemente_feridos;mortos
17/08/2023;18:14:00;429;Com vítima;75,000;BR-116/SP;Crescente;Queda de moto;0;0;0;1;0;0;0;0;0;0;0;1;0;0;0
17/08/2023;19:55:00;473;Com vítima;108,000;BR-116/SP;Crescente;Colisão lateral em sentido contrário;0;0;0;1;0;0;0;0;0;0;0;1;0;0;0
17/08/2023;20:47:00;500;Com vítima;160,000;BR-116/SP;Crescente;Tombamento;0;0;1;0;0;0;0;0;0;0;0;0;0;1;0
18/08/2023;00:00:00;27;Sem vítima;59,000;BR-116/SP;Decrescente;Colisão lateral em sentido contrário;0;0;0;0;0;0;0;1;0;0;1;0;0;0;0
18/08/2023;00:00:00;128;Sem vítima;318,000;BR-116/SP;Decrescente;Engavetamento;1;0;0;0;0;0;0;0;0;0;1;0;0;0;0
18/08/2023;05:29:00;75;Com vítima;56,000;BR-116/SP;Crescente;Atropelamento de animal;0;0;0;0;0;0;0;0;0;0;0;0;0;0;0
18/08/2023;08:16:00;166;Sem vítima;211,000;BR-116/SP;Crescente;Colisão traseira;1;0;0;0;0;0;0;0;0;0;1;0;0;0;0
18/08/2023;09:14:00;206;Com vítima;280,000;BR-116/SP;Crescente;Colisão traseira;0;0;0;1;0;0;0;0;0;0;0;0;1;0;0
18/08/2023;09:21:00;208;Com vítima;207,000;BR-116/SP;Crescente;Colisão lateral em sentido contrário;0;0;0;1;0;0;0;0;0;0;0;1;0;0;0
18/08/2023;09:23:00;211;Com vítima;275,000;BR-116/SP;Crescente;Colisão lateral em sentido contrário;0;0;1;0;0;0;0;0;0;0;1;0;0;0;0
18/08/2023;10:47:00;256;Sem vítima;154,000;BR-116/SP;Crescente;Engavetamento;0;0;0;0;1;0;0;0;0;0;1;0;0;0;0
18/08/2023;10:48:00;259;Sem vítima;250,000;BR-116/SP;Decrescente;Colisão traseira;1;0;0;0;0;0;0;0;0;0;1;0;0;0;0
18/08/2023;11:12:00;265;Sem vítima;273,000;BR-116/SP;Crescente;Colisão lateral em sentido contrário;1;0;0;0;0;0;0;0;0;1;2;0;0;0;0
18/08/2023;12:30:00;295;Sem vítima;11,000;BR-101/SP;Crescente;Colisão lateral em sentido contrário;1;0;0;0;0;0;0;0;0;0;1;0;0;0;0
18/08/2023;12:34:00;296;Com vítima;271,000;BR-116/SP;Crescente;Colisão lateral em sentido contrário;0;0;0;1;0;0;0;0;0;0;0;1;0;0;0
18/08/2023;13:06:00;310;Sem vítima;291,000;BR-116/SP;Crescente;Colisão lateral em sentido contrário;0;0;1;0;0;0;0;0;0;0;0;0;0;0;0
18/08/2023;14:02:00;337;Sem vítima;77,000;BR-116/SP;Decrescente;Colisão lateral em sentido contrário;1;0;0;0;0;0;0;0;0;0;0;0;0;0;0
18/08/2023;14:17:00;348;Sem vítima;93,000;BR-116/SP;Decrescente;Colisão lateral em sentido contrário;0;0;0;1;0;0;0;0;0;0;0;0;0;0;0
18/08/2023;14:32:00;355;Sem vítima;416,000;BR-101/SP;Crescente;Colisão lateral em sentido contrário;2;0;0;0;0;0;0;0;0;0;2;0;0;0;0
18/08/2023;15:00:00;371;Sem vítima;117,000;BR-116/SP;Decrescente;Engavetamento;0;0;0;0;0;0;0;0;0;1;0;0;0;0;0
18/08/2023;15:03:00;370;Com vítima;112,000;BR-116/SP;Crescente;Engavetamento;0;0;0;0;0;0;0;0;0;0;0;0;0;0;0
18/08/2023;15:48:00;390;Sem vítima;389,000;BR-101/SP;Crescente;Choque;1;0;0;0;0;0;0;0;0;0;0;0;0;0;0
18/08/2023;16:49:00;417;Com vítima;71,000;BR-116/SP;Decrescente;Colisão lateral em sentido contrário;0;0;0;1;0;0;0;0;0;0;0;1;0;0;0
18/08/2023;17:32:00;437;Com vítima;104,000;BR-116/SP;Crescente;Colisão lateral em sentido contrário;0;0;0;0;0;0;0;0;0;0;0;0;0;0;0
18/08/2023;18:25:00;475;Com vítima;105,000;BR-116/SP;Crescente;Engavetamento;0;0;0;0;0;0;0;0;0;0;0;0;0;0;0
18/08/2023;18:57:00;434;Com vítima;142,000;BR-116/SP;Decrescente;Engavetamento;1;0;0;0;0;0;0;0;0;0;1;0;0;0;0
18/08/2023;22:48:00;578;Com vítima;186,000;BR-116/SP;Decrescente;Choque;0;0;0;0;0;0;0;0;0;0;0;0;0;0;0
19/08/2023;02:54:00;61;Sem vítima;145,000;BR-116/SP;Decrescente;Choque;1;0;0;0;0;0;0;0;0;0;1;0;0;0;0
19/08/2023;15:10:00;416;Com vítima;114,000;BR-116/SP;Crescente;Colisão lateral em sentido contrário;0;0;0;0;0;0;0;0;0;0;0;0;0;0;0
19/08/2023;15:11:00;417;Sem vítima;144,000;BR-116/SP;Crescente;Colisão traseira;0;0;0;0;0;0;0;0;0;0;0;0;0;0;0
19/08/2023;15:35:00;425;Sem vítima;277,000;BR-116/SP;Decrescente;Colisão lateral em sentido contrário;0;0;0;0;0;0;0;0;0;0;0;0;0;0;0
21/08/2023;11:40:00;301;Sem vítima;134,000;BR-116/SP;Decrescente;Colisão traseira;0;0;0;0;0;0;0;0;0;0;0;0;0;0;0
21/08/2023;13:12:00;344;Com vítima;201,000;BR-116/SP;Decrescente;Queda de moto;0;0;0;0;0;0;0;0;0;0;0;0;0;0;0
21/08/2023;13:14:00;346;Sem vítima;7,000;BR-116/SP;Decrescente;Colisão traseira;0;0;0;0;0;0;0;0;0;0;0;0;0;0;0
21/08/2023;13:45:00;359;Sem vítima;115,000;BR-116/SP;Decrescente;Colisão traseira;0;0;0;0;0;0;0;0;0;0;0;0;0;0;0
21/08/2023;14:44:00;395;Com vítima;45,000;BR-116/SP;Decrescente;Queda de moto;0;0;0;0;0;0;0;0;0;0;0;0;0;0;0
21/08/2023;15:08:00;410;Sem vítima;98,000;BR-116/SP;Crescente;Tombamento;0;0;0;0;0;0;0;0;0;0;0;0;0;0;0
21/08/2023;15:13:00;414;Sem vítima;5,000;BR-116/SP;Crescente;Choque;0;0;0;0;0;0;0;0;0;0;0;0;0;0;0
21/08/2023;16:31:00;451;Sem vítima;302,000;BR-116/SP;Crescente;Engavetamento;0;0;0;0;0;0;0;0;0;0;0;0;0;0;0
21/08/2023;18:01:00;494;Com vítima;142,000;BR-116/SP;Decrescente;Queda de moto;0;0;0;0;0;0;0;0;0;0;0;0;0;0;0
21/08/2023;18:12:00;499;Sem vítima;296,000;BR-116/SP;Decrescente;Colisão traseira;0;0;0;0;0;0;0;0;0;0;0;0;0;0;0
21/08/2023;19:51:00;538;Com vítima;278,000;BR-116/SP;Decrescente;Colisão lateral em sentido contrário;0;0;0;0;0;0;0;0;0;0;0;0;0;0;0
21/08/2023;19:58:00;541;Com vítima;399,000;BR-101/SP;Crescente;Queda de moto;0;0;0;0;0;0;0;0;0;0;0;0;0;0;0
21/08/2023;23:13:00;593;Com vítima;142,000;BR-116/SP;Crescente;Engavetamento;0;0;0;0;0;0;0;0;0;0;0;0;0;0;0
22/08/2023;05:19:00;63;Com vítima;258,000;BR-116/SP;Decrescente;Colisão traseira;0;0;0;0;0;0;0;0;0;0;0;0;0;0;0
22/08/2023;07:04:00;108;Com vítima;284,000;BR-116/SP;Crescente;Colisão lateral em sentido contrário;0;0;0;0;0;0;0;0;0;0;0;0;0;0;0
22/08/2023;07:14:00;114;Com vítima;112,000;BR-116/SP;Crescente;Colisão traseira;0;0;0;0;0;0;0;0;0;0;0;0;0;0;0
22/08/2023;07:40:00;130;Sem vítima;111,000;BR-116/SP;Crescente;Colisão traseira;0;0;0;0;0;0;0;0;0;0;0;0;0;0;0
22/08/2023;07:47:00;134;Sem vítima;155,000;BR-116/SP;Crescente;Colisão traseira;0;0;0;0;0;0;0;0;0;0;0;0;0;0;0
22/08/2023;07:56:00;142;Sem vítima;112,000;BR-116/SP;Crescente;Colisão traseira;0;0;0;0;0;0;0;0;0;0;0;0;0;0;0
22/08/2023;10:12:00;223;Sem vítima;157,000;BR-116/SP;Crescente;Engavetamento;0;0;0;0;0;0;0;0;0;0;0;0;0;0;0
22/08/2023;15:47:00;367;Sem vítima;124,000;BR-116/SP;Decrescente;Colisão traseira;0;0;0;0;0;0;0;0;0;0;0;0;0;0;0
22/08/2023;21:10:00;507;Sem vítima;403,000;BR-101/SP;Crescente;Choque;0;0;0;0;0;0;0;0;0;0;0;0;0;0;0
22/08/2023;21:37:00;513;Com vítima;208,000;BR-116/SP;Decrescente;Queda de moto;0;0;0;0;0;0;0;0;0;0;0;0;0;0;0
23/08/2023;00:00:00;442;Sem vítima;113,000;BR-116/SP;Decrescente;Colisão traseira;0;0;1;0;0;0;0;0;0;0;1;0;0;0;0
23/08/2023;00:18:00;24;Sem vítima;301,000;BR-116/SP;Crescente;Colisão traseira;0;0;0;0;0;0;0;0;0;0;0;0;0;0;0
23/08/2023;03:45:00;60;Sem vítima;279,000;BR-116/SP;Crescente;Choque;0;0;0;0;0;0;0;0;0;0;0;0;0;0;0
23/08/2023;05:27:00;71;Com vítima;14,000;BR-116/SP;Crescente;Atropelamento de animal;0;0;0;0;0;0;0;0;0;0;0;0;0;0;0
23/08/2023;07:23:00;130;Com vítima;145,000;BR-116/SP;Crescente;Colisão lateral em sentido contrário;0;0;0;0;0;0;0;0;0;0;0;0;0;0;0
23/08/2023;07:42:00;142;Sem vítima;112,000;BR-116/SP;Decrescente;Engavetamento;0;0;0;0;0;0;0;0;0;0;0;0;0;0;0
23/08/2023;08:03:00;160;Com vítima;316,000;BR-116/SP;Decrescente;Colisão lateral em sentido contrário;0;0;0;0;0;0;0;0;0;0;0;0;0;0;0
23/08/2023;08:07:00;164;Sem vítima;223,000;BR-116/SP;Crescente;Colisão traseira;0;0;0;0;0;0;0;0;0;0;0;0;0;0;0
23/08/2023;16:55:00;429;Com vítima;113,000;BR-116/SP;Decrescente;Engavetamento;1;0;0;0;0;0;0;0;0;0;1;0;0;0;0
23/08/2023;19:13:00;516;Sem vítima;207,000;BR-116/SP;Crescente;Engavetamento;1;0;0;0;0;0;0;0;0;0;1;0;0;0;0
23/08/2023;23:32:00;599;Sem vítima;38,000;BR-116/SP;Decrescente;Choque;0;0;0;0;0;0;0;1;0;0;1;0;0;0;0
24/08/2023;01:50:00;40;Com vítima;61,000;BR-116/SP;Crescente;Choque;0;0;1;0;0;0;0;0;0;0;0;1;0;0;0
24/08/2023;06:27:00;94;Sem vítima;323,000;BR-116/SP;Crescente;Colisão lateral em sentido contrário;1;0;0;0;0;0;0;0;0;0;1;0;0;0;0
24/08/2023;08:20:00;194;Sem vítima;219,000;BR-116/SP;Decrescente;Colisão traseira;0;0;1;0;0;0;0;0;0;0;1;0;0;0;0
24/08/2023;09:50:00;260;Sem vítima;303,000;BR-116/SP;Decrescente;Colisão lateral em sentido contrário;0;0;0;0;0;0;0;1;0;0;1;0;0;0;0
24/08/2023;15:37:00;483;Sem vítima;110,000;BR-116/SP;Decrescente;Colisão lateral em sentido contrário;1;0;0;0;0;0;0;0;0;0;1;0;0;0;0
24/08/2023;15:56:00;497;Com vítima;508,000;BR-101/SP;Crescente;Engavetamento;0;0;0;0;0;0;0;0;0;0;0;0;0;0;0
24/08/2023;16:42:00;522;Sem vítima;192,000;BR-116/SP;Crescente;Choque;0;0;0;0;0;0;0;0;0;1;1;0;0;0;0
24/08/2023;18:19:00;579;Sem vítima;301,000;BR-116/SP;Decrescente;Colisão traseira;0;0;1;0;0;0;0;0;0;0;1;0;0;0;0
24/08/2023;18:22:00;580;Sem vítima;111,000;BR-116/SP;Crescente;Choque;1;0;0;0;0;0;0;0;0;0;1;0;0;0;0
24/08/2023;18:44:00;598;Com vítima;310,000;BR-116/SP;Crescente;Atropelamento de pedestre;0;0;0;0;0;0;0;0;0;0;0;0;0;0;0
24/08/2023;18:51:00;601;Sem vítima;147,000;BR-116/SP;Crescente;Engavetamento;0;0;0;0;0;0;0;0;0;0;0;0;0;0;0
24/08/2023;18:51:00;602;Sem vítima;320,000;BR-116/SP;Crescente;Colisão traseira;1;0;1;0;0;0;0;0;0;0;2;0;0;0;0
24/08/2023;19:01:00;611;Com vítima;12,000;BR-116/SP;Crescente;Acidentes de outra natureza;0;0;0;0;0;0;0;1;0;0;0;0;1;0;0
24/08/2023;21:35:00;667;Com vítima;187,000;BR-116/SP;Decrescente;Choque;1;0;0;0;0;0;0;0;0;0;0;1;0;0;0
24/08/2023;23:23:00;706;Sem vítima;24,000;BR-116/SP;Decrescente;Colisão lateral em sentido contrário;0;0;0;0;0;0;0;0;0;0;0;0;0;0;0
24/08/2023;23:30:00;710;Sem vítima;215,000;BR-116/SP;Decrescente;Colisão traseira;0;0;0;0;0;0;0;1;0;0;1;0;0;0;0
25/08/2023;04:25:00;67;Sem vítima;199,000;BR-116/SP;Crescente;Colisão traseira;0;0;1;0;0;0;0;0;0;0;1;0;0;0;0
25/08/2023;06:26:00;93;Com vítima;207,000;BR-116/SP;Crescente;Colisão traseira;1;0;0;0;0;0;0;0;0;0;1;0;0;0;0
25/08/2023;06:57:00;117;Sem vítima;129,000;BR-116/SP;Decrescente;Colisão lateral em sentido contrário;0;0;0;0;0;0;0;0;0;0;0;0;0;0;0
25/08/2023;07:59:00;179;Sem vítima;259,000;BR-116/SP;Crescente;Colisão lateral em sentido contrário;0;0;0;0;0;0;0;0;0;0;0;0;0;0;0
25/08/2023;08:48:00;202;Com vítima;134,000;BR-116/SP;Crescente;Colisão traseira;1;0;0;0;0;0;0;0;0;0;0;1;0;0;0
25/08/2023;10:45:00;288;Sem vítima;582,000;BR-101/SP;Crescente;Colisão lateral em sentido contrário;0;0;0;0;0;0;0;0;0;0;0;0;0;0;0
25/08/2023;12:19:00;338;Sem vítima;155,000;BR-116/SP;Crescente;Engavetamento;0;0;1;0;0;0;0;0;0;0;1;0;0;0;0
25/08/2023;13:21:00;371;Sem vítima;312,000;BR-116/SP;Crescente;Colisão lateral em sentido contrário;0;0;0;0;0;0;0;1;0;0;1;0;0;0;0
25/08/2023;13:28:00;375;Sem vítima;184,000;BR-116/SP;Crescente;Choque;0;0;1;0;0;0;0;0;0;0;1;0;0;0;0
25/08/2023;16:48:00;481;Sem vítima;437,000;BR-101/SP;Crescente;Choque;1;0;0;0;0;0;0;0;0;0;1;0;0;0;0
25/08/2023;17:09:00;490;Sem vítima;150,000;BR-116/SP;Decrescente;Colisão traseira;0;0;0;0;0;0;0;0;0;1;1;0;0;0;0
25/08/2023;17:35:00;505;Sem vítima;120,000;BR-116/SP;Crescente;Choque;1;0;0;0;0;0;0;0;0;0;1;0;0;0;0
25/08/2023;18:07:00;527;Sem vítima;104,000;BR-116/SP;Crescente;Engavetamento;1;0;0;0;0;0;0;0;0;0;1;0;0;0;0
25/08/2023;18:27:00;539;Com vítima;205,000;BR-116/SP;Crescente;Colisão traseira;0;0;1;0;0;0;0;0;0;0;1;0;0;0;0
25/08/2023;18:30:00;542;Sem vítima;73,000;BR-116/SP;Decrescente;Choque;1;0;0;0;0;0;0;0;0;0;1;0;0;0;0
25/08/2023;19:05:00;560;Sem vítima;109,000;BR-116/SP;Crescente;Colisão traseira;1;0;0;0;0;0;0;0;0;0;1;0;0;0;0
25/08/2023;21:05:00;609;Sem vítima;187,000;BR-116/SP;Decrescente;Choque;1;0;0;0;0;0;0;0;0;0;1;0;0;0;0
25/08/2023;22:50:00;644;Com vítima;308,000;BR-116/SP;Crescente;Colisão traseira;0;0;0;1;0;0;0;0;0;0;0;0;0;0;1
25/08/2023;23:31:00;657;Sem vítima;214,000;BR-116/SP;Crescente;Choque;1;0;0;0;0;0;0;0;0;0;1;0;0;0;0
26/08/2023;03:01:00;57;Sem vítima;490,000;BR-101/SP;Crescente;Choque;0;0;0;0;0;0;0;0;0;1;1;0;0;0;0
26/08/2023;06:04:00;84;Com vítima;314,000;BR-116/SP;Decrescente;Colisão lateral em sentido contrário;1;0;0;0;0;0;0;0;0;0;0;0;1;0;0
26/08/2023;06:32:00;102;Sem vítima;275,000;BR-116/SP;Crescente;Engavetamento;0;0;0;1;0;0;0;0;0;0;1;0;0;0;0
26/08/2023;06:46:00;99;Com vítima;71,000;BR-116/SP;Decrescente;Acidentes de outra natureza;1;0;0;0;0;0;0;0;0;0;0;1;0;0;0
26/08/2023;08:05:00;138;Sem vítima;26,000;BR-116/SP;Crescente;Choque;1;0;0;0;0;0;0;0;0;0;1;0;0;0;0
26/08/2023;08:18:00;146;Sem vítima;182,000;BR-116/SP;Decrescente;Colisão traseira;1;0;0;0;0;0;0;0;0;0;1;0;0;0;0
26/08/2023;08:24:00;148;Sem vítima;269,000;BR-116/SP;Crescente;Colisão traseira;1;0;0;0;0;0;0;0;0;0;1;0;0;0;0
26/08/2023;08:27:00;149;Sem vítima;415,000;BR-101/SP;Crescente;Capotamento;0;0;0;0;0;0;0;0;0;1;1;0;0;0;0
26/08/2023;08:50:00;152;Sem vítima;26,000;BR-116/SP;Crescente;Capotamento;1;0;0;0;0;0;0;0;0;0;1;0;0;0;0
26/08/2023;08:56:00;157;Com vítima;234,000;BR-116/SP;Decrescente;Choque;1;0;0;0;0;0;0;0;0;0;0;1;0;0;0
26/08/2023;08:58:00;158;Sem vítima;146,000;BR-116/SP;Decrescente;Colisão traseira;0;0;0;0;0;0;0;0;0;1;0;0;0;0;0
26/08/2023;09:16:00;165;Sem vítima;515,000;BR-101/SP;Crescente;Choque;1;0;0;0;0;0;0;0;0;0;1;0;0;0;0
26/08/2023;09:44:00;175;Sem vítima;26,000;BR-116/SP;Crescente;Choque;1;0;0;0;0;0;0;0;0;0;0;0;0;0;0
26/08/2023;09:46:00;176;Sem vítima;235,000;BR-116/SP;Decrescente;Choque;1;0;0;0;0;0;0;0;0;0;1;0;0;0;0
26/08/2023;10:27:00;202;Com vítima;246,000;BR-116/SP;Crescente;Choque;1;0;0;0;0;0;0;0;0;0;0;1;0;0;0
26/08/2023;11:50:00;235;Sem vítima;225,000;BR-116/SP;Crescente;Choque;1;0;0;0;0;0;0;0;0;0;1;0;0;0;0
26/08/2023;12:09:00;241;Sem vítima;496,000;BR-101/SP;Crescente;Choque;1;0;0;0;0;0;0;0;0;0;1;0;0;0;0
26/08/2023;14:33:00;290;Sem vítima;213,000;BR-116/SP;Crescente;Colisão traseira;1;0;0;0;0;0;0;0;0;0;1;0;0;0;0
26/08/2023;15:35:00;308;Com vítima;529,000;BR-101/SP;Crescente;Capotamento;1;0;0;0;0;0;0;0;0;0;1;0;0;0;0
26/08/2023;16:00:00;320;Sem vítima;234,000;BR-116/SP;Decrescente;Choque;1;0;0;0;0;0;0;0;0;0;1;0;0;0;0
26/08/2023;16:54:00;337;Sem vítima;442,000;BR-101/SP;Crescente;Choque;1;0;0;0;0;0;0;0;0;0;0;0;0;0;0
26/08/2023;19:35:00;381;Sem vítima;218,000;BR-116/SP;Decrescente;Choque;1;0;0;0;0;0;0;0;0;0;1;0;0;0;0
26/08/2023;23:33:00;424;Sem vítima;322,000;BR-116/SP;Decrescente;Colisão lateral em sentido contrário;1;0;0;0;0;0;0;0;0;0;1;0;0;0;0
27/08/2023;00:00:00;327;Com vítima;162,000;BR-116/SP;Decrescente;Colisão traseira;0;0;0;0;0;0;0;0;0;0;0;0;0;0;0
27/08/2023;01:46:00;24;Sem vítima;322,000;BR-116/SP;Crescente;Choque;1;0;0;0;0;0;0;0;0;0;1;0;0;0;0
27/08/2023;03:48:00;43;Com vítima;76,000;BR-116/SP;Crescente;Queda de moto;0;0;0;1;0;0;0;0;0;0;0;1;1;0;0
27/08/2023;04:27:00;53;Sem vítima;298,000;BR-116/SP;Decrescente;Choque;1;0;0;0;0;0;0;0;0;0;0;0;0;0;0
27/08/2023;06:01:00;64;Sem vítima;94,000;BR-116/SP;Crescente;Colisão traseira;0;0;0;0;1;0;0;0;0;0;1;0;0;0;0
27/08/2023;06:32:00;46;Sem vítima;238,000;BR-116/SP;Crescente;Choque;0;0;1;0;0;0;0;0;0;0;1;0;0;0;0
27/08/2023;06:51:00;77;Sem vítima;291,000;BR-116/SP;Decrescente;Choque;1;0;0;0;0;0;0;0;0;0;1;0;0;0;0
27/08/2023;06:52:00;78;Sem vítima;226,000;BR-116/SP;Crescente;Choque;1;0;0;0;0;0;0;0;0;0;1;0;0;0;0
27/08/2023;08:10:00;106;Sem vítima;226,000;BR-116/SP;Crescente;Choque;1;0;0;0;0;0;0;0;0;0;1;0;0;0;0
27/08/2023;08:12:00;108;Sem vítima;133,000;BR-116/SP;Decrescente;Choque;1;0;0;0;0;0;0;0;0;0;1;0;0;0;0
27/08/2023;09:44:00;133;Sem vítima;50,000;BR-101/SP;Crescente;Colisão traseira;1;0;0;0;0;0;0;0;0;0;1;0;0;0;0
27/08/2023;10:03:00;149;Com vítima;246,000;BR-116/SP;Crescente;Choque;1;0;0;0;0;0;0;0;0;0;0;0;1;0;0
27/08/2023;10:15:00;155;Sem vítima;233,000;BR-116/SP;Crescente;Choque;1;0;0;0;0;0;0;0;0;0;1;0;0;0;0
27/08/2023;10:32:00;157;Com vítima;202,000;BR-116/SP;Crescente;Choque;1;0;0;0;0;0;0;0;0;0;0;0;1;0;0
27/08/2023;10:33:00;159;Sem vítima;236,000;BR-116/SP;Decrescente;Choque;1;0;0;0;0;0;0;0;0;0;1;0;0;0;0
27/08/2023;12:17:00;189;Sem vítima;234,000;BR-116/SP;Decrescente;Choque;1;0;0;0;0;0;0;0;0;0;1;0;0;0;0
27/08/2023;13:04:00;204;Com vítima;155,000;BR-116/SP;Decrescente;Capotamento;1;0;0;0;0;0;0;0;0;0;1;0;0;0;0
27/08/2023;15:05:00;250;Com vítima;191,000;BR-116/SP;Decrescente;Choque;1;0;0;0;0;0;0;0;0;0;0;1;0;0;0
27/08/2023;15:07:00;251;Sem vítima;51,000;BR-116/SP;Decrescente;Choque;0;0;1;0;0;0;0;0;0;0;1;0;0;0;0
27/08/2023;15:08:00;252;Sem vítima;96,000;BR-116/SP;Crescente;Engavetamento;1;0;0;0;0;0;0;0;0;0;1;0;0;0;0
27/08/2023;15:45:00;269;Sem vítima;226,000;BR-116/SP;Crescente;Choque;1;0;0;0;0;0;0;0;0;0;1;0;0;0;0
27/08/2023;16:05:00;276;Sem vítima;191,000;BR-116/SP;Decrescente;Colisão traseira;1;0;0;0;0;0;0;0;0;0;1;0;0;0;0
27/08/2023;16:35:00;288;Sem vítima;231,000;BR-116/SP;Decrescente;Choque;1;0;0;0;0;0;0;0;0;0;1;0;0;0;0
27/08/2023;17:12:00;296;Sem vítima;227,000;BR-116/SP;Decrescente;Choque;1;0;0;0;0;0;0;0;0;0;1;0;0;0;0
27/08/2023;17:37:00;305;Sem vítima;282,000;BR-116/SP;Decrescente;Choque;1;0;0;0;0;0;0;0;0;0;1;0;0;0;0
27/08/2023;18:11:00;324;Sem vítima;160,000;BR-116/SP;Decrescente;Colisão traseira;1;0;0;0;0;0;0;0;0;0;1;0;0;0;0
27/08/2023;18:31:00;329;Com vítima;219,000;BR-116/SP;Decrescente;Colisão traseira;1;0;0;0;0;0;0;0;0;0;1;0;0;0;0
27/08/2023;18:32:00;332;Com vítima;159,000;BR-116/SP;Decrescente;Engavetamento;0;0;0;1;0;0;0;0;0;0;0;1;0;0;0
27/08/2023;18:52:00;342;Sem vítima;231,000;BR-116/SP;Crescente;Choque;1;0;0;0;0;0;0;0;0;0;1;0;0;0;0
27/08/2023;18:53:00;343;Com vítima;542,000;BR-101/SP;Crescente;Acidentes de outra natureza;1;0;0;0;0;0;0;0;0;0;0;1;0;0;0
27/08/2023;19:16:00;352;Sem vítima;130,000;BR-116/SP;Decrescente;Choque;1;0;0;0;0;0;0;0;0;0;1;0;0;0;0
28/08/2023;05:43:00;62;Sem vítima;58,000;BR-116/SP;Crescente;Acidentes de outra natureza;0;0;0;0;0;0;0;0;0;0;0;0;0;0;0
28/08/2023;06:13:00;73;Sem vítima;40,000;BR-101/SP;Crescente;Choque;1;0;0;0;0;0;0;0;0;0;1;0;0;0;0
28/08/2023;06:16:00;72;Sem vítima;285,000;BR-116/SP;Crescente;Choque;1;0;0;0;0;0;0;0;0;0;1;0;0;0;0
28/08/2023;06:30:00;78;Com vítima;282,000;BR-116/SP;Crescente;Choque;1;0;0;0;0;0;0;0;0;0;0;1;0;0;0
28/08/2023;07:10:00;97;Com vítima;45,000;BR-116/SP;Crescente;Queda de moto;0;0;0;1;0;0;0;0;0;0;0;0;1;1;0
28/08/2023;07:39:00;114;Sem vítima;99,000;BR-116/SP;Decrescente;Acidentes de outra natureza;1;0;0;0;0;0;0;0;0;0;1;0;0;0;0
28/08/2023;08:11:00;126;Com vítima;298,000;BR-116/SP;Decrescente;Queda de moto;0;0;0;1;0;0;0;0;0;0;0;0;1;0;0
28/08/2023;09:12:00;157;Com vítima;274,000;BR-116/SP;Crescente;Choque;1;0;0;0;0;0;0;0;0;0;0;1;0;0;0
28/08/2023;10:08:00;192;Sem vítima;223,000;BR-116/SP;Decrescente;Choque;1;0;0;0;0;0;0;0;0;0;1;0;0;0;0
28/08/2023;11:13:00;223;Sem vítima;232,000;BR-116/SP;Decrescente;Acidentes de outra natureza;1;0;0;0;0;0;0;0;0;0;1;0;0;0;0
28/08/2023;12:55:00;266;Com vítima;146,000;BR-116/SP;Decrescente;Colisão traseira;0;0;0;1;0;0;0;0;0;0;0;0;1;0;0
28/08/2023;17:08:00;378;Com vítima;34,000;BR-116/SP;Decrescente;Choque;1;0;0;0;0;0;0;0;0;0;0;1;0;0;0
28/08/2023;17:34:00;394;Sem vítima;14,000;BR-116/SP;Crescente;Acidentes de outra natureza;1;0;0;0;0;0;0;0;0;0;1;0;0;0;0
28/08/2023;19:11:00;437;Sem vítima;484,000;BR-101/SP;Crescente;Colisão traseira;1;0;0;0;0;0;0;0;0;0;1;0;0;0;0
28/08/2023;19:24:00;445;Sem vítima;85,000;BR-116/SP;Crescente;Colisão traseira;1;0;0;0;0;0;0;0;0;0;0;0;0;0;0
28/08/2023;19:48:00;452;Sem vítima;85,000;BR-116/SP;Crescente;Queda de moto;0;0;0;1;0;0;0;0;0;0;1;0;0;0;0
28/08/2023;22:11:00;516;Sem vítima;27,000;BR-116/SP;Crescente;Choque;1;0;0;0;0;0;0;0;0;0;0;0;0;0;0
28/08/2023;23:37:00;540;Sem vítima;214,000;BR-116/SP;Crescente;Choque;1;0;0;0;0;0;0;0;0;0;1;0;0;0;0
29/08/2023;02:32:00;39;Sem vítima;77,000;BR-116/SP;Crescente;Capotamento;1;0;0;0;0;0;0;0;0;0;1;0;0;0;0
29/08/2023;07:57:00;135;Sem vítima;159,000;BR-116/SP;Decrescente;Engavetamento;1;0;0;0;0;0;0;0;0;0;1;0;0;0;0
29/08/2023;13:42:00;325;Com vítima;45,000;BR-101/SP;Crescente;Atropelamento de pedestre;0;1;0;1;0;0;0;0;0;0;0;2;0;0;0
29/08/2023;14:23:00;338;Sem vítima;299,000;BR-116/SP;Decrescente;Colisão traseira;0;0;1;0;0;0;0;0;0;0;1;0;0;0;0
29/08/2023;15:37:00;378;Com vítima;53,000;BR-116/SP;Crescente;Colisão lateral em sentido contrário;0;0;1;0;0;0;0;0;0;0;1;0;0;0;0
29/08/2023;17:16:00;438;Com vítima;110,000;BR-116/SP;Decrescente;Colisão lateral em sentido contrário;0;0;0;0;0;0;0;0;0;0;0;0;0;0;0